iso_code,country,year,school_age_population_primary_both_sexes,school_age_population_primary_female,school_age_population_primary_male,school_age_population_secondary_both_sexes,school_age_population_secondary_female,school_age_population_secondary_male
DZA,Algeria,2010,2910576.0,1424696.0,1485880.0,4582327.0,2205420.0,2376907.0
AGO,Angola,2010,3752445.0,1875823.0,1876622.0,3014214.0,1509142.0,1505072.0
BWA,Botswana,2010,301621.0,149328.0,152293.0,213310.0,106182.0,107128.0
BFA,Burkina Faso,2010,2679950.0,1321351.0,1358599.0,2540313.0,1256011.0,1284302.0
CPV,Cabo Verde,2010,66137.0,32275.0,33862.0,73823.0,36138.0,37685.0
CMR,Cameroon,2010,3155846.0,1573543.0,1582303.0,3094653.0,1543900.0,1550753.0
BDI,Burundi,2010,1368648.0,683290.0,685358.0,1420497.0,710737.0,709760.0
CAF,Central African Republic,2010,783562.0,388602.0,394960.0,776009.0,389672.0,386337.0
TCD,Chad,2010,2134632.0,1054047.0,1080585.0,1923992.0,950761.0,973231.0
COM,Comoros,2010,105891.0,51523.0,54368.0,113223.0,55263.0,57960.0
COG,"Congo, Rep.",2010,646734.0,321840.0,324894.0,647285.0,322542.0,324743.0
COD,"Congo, Dem. Rep.",2010,11481018.0,5738801.0,5742217.0,9407594.0,4698010.0,4709584.0
CIV,Cote d'Ivoire,2010,3768271.0,1856627.0,1911644.0,3601292.0,1804646.0,1796646.0
DJI,Djibouti,2010,,,,,,
EGY,"Egypt, Arab Rep.",2010,11589108.0,5649934.0,5939174.0,10575909.0,5130697.0,5445212.0
GNQ,Equatorial Guinea,2010,151835.0,73737.0,78098.0,133144.0,65435.0,67709.0
ERI,Eritrea,2010,388421.0,193098.0,195323.0,481144.0,239861.0,241283.0
ETH,Ethiopia,2010,15405185.0,7588513.0,7816672.0,12729116.0,6257055.0,6472061.0
SWZ,Eswatini,2010,195872.0,97942.0,97930.0,137186.0,70076.0,67110.0
GAB,Gabon,2010,238790.0,119264.0,119526.0,248490.0,123820.0,124670.0
GMB,"Gambia, The",2010,310516.0,154102.0,156414.0,273189.0,136085.0,137104.0
GHA,Ghana,2010,3790583.0,1874014.0,1916569.0,3820126.0,1887982.0,1932144.0
GNB,Guinea-Bissau,2010,245855.0,122073.0,123782.0,176299.0,87740.0,88559.0
GIN,Guinea,2010,1697510.0,836516.0,860994.0,1694002.0,835375.0,858627.0
KEN,Kenya,2010,6831402.0,3409360.0,3422042.0,5670593.0,2835680.0,2834913.0
LSO,Lesotho,2010,327794.0,163547.0,164247.0,231963.0,116410.0,115553.0
LBY,Libya,2010,731617.0,356475.0,375142.0,714822.0,349033.0,365789.0
LBR,Liberia,2010,649735.0,322587.0,327148.0,525508.0,262310.0,263198.0
MWI,Malawi,2010,2513658.0,1265050.0,1248608.0,2056201.0,1048832.0,1007369.0
MDG,Madagascar,2010,3126569.0,1547904.0,1578665.0,3717672.0,1839210.0,1878462.0
MLI,Mali,2010,2578487.0,1272765.0,1305722.0,2065107.0,1019680.0,1045427.0
MRT,Mauritania,2010,543019.0,272524.0,270495.0,539580.0,272781.0,266799.0
MUS,Mauritius,2010,116739.0,57277.0,59462.0,146135.0,72371.0,73764.0
MOZ,Mozambique,2010,4516124.0,2262015.0,2254109.0,2674675.0,1342116.0,1332559.0
MAR,Morocco,2010,3681367.0,1774626.0,1906741.0,3792973.0,1841666.0,1951307.0
NAM,Namibia,2010,345969.0,174691.0,171278.0,255889.0,130132.0,125757.0
NGA,Nigeria,2010,27005448.0,13299825.0,13705623.0,21675312.0,10642850.0,11032462.0
NER,Niger,2010,2802745.0,1376216.0,1426529.0,2394716.0,1173214.0,1221502.0
RWA,Rwanda,2010,1480420.0,750795.0,729625.0,1313422.0,667707.0,645715.0
STP,Sao Tome and Principe,2010,28608.0,14295.0,14313.0,20082.0,9913.0,10169.0
SEN,Senegal,2010,2021357.0,1000474.0,1020883.0,1953333.0,972652.0,980681.0
SYC,Seychelles,2010,7793.0,3862.0,3931.0,9917.0,4808.0,5109.0
SOM,Somalia,2010,2184426.0,1076913.0,1107513.0,1710159.0,843063.0,867096.0
SLE,Sierra Leone,2010,1020041.0,506269.0,513772.0,845719.0,422001.0,423718.0
ZAF,South Africa,2010,6790781.0,3343998.0,3446783.0,5415730.0,2671867.0,2743863.0
SDN,Sudan,2010,5976105.0,2951177.0,3024928.0,4253827.0,2112168.0,2141659.0
SSD,South Sudan,2010,1530228.0,756749.0,773479.0,1187695.0,588316.0,599379.0
TZA,Tanzania,2010,8406846.0,4184002.0,4222844.0,5725427.0,2857934.0,2867493.0
TGO,Togo,2010,1031720.0,511960.0,519760.0,1014390.0,503021.0,511369.0
TUN,Tunisia,2010,994034.0,480349.0,513685.0,1320868.0,646083.0,674785.0
UGA,Uganda,2010,6903384.0,3457511.0,3445873.0,4752706.0,2385276.0,2367430.0
ZMB,Zambia,2010,2638604.0,1329636.0,1308968.0,1559363.0,786419.0,772944.0
ZWE,Zimbabwe,2010,2556436.0,1273416.0,1283020.0,1729357.0,881362.0,847995.0
BEN,Benin,2010,1585110.0,779803.0,805307.0,1539364.0,758080.0,781284.0
DZA,Algeria,2011,2983344.0,1459117.0,1524227.0,4431405.0,2139440.0,2291965.0
AGO,Angola,2011,3915372.0,1956618.0,1958754.0,3112364.0,1558231.0,1554133.0
BWA,Botswana,2011,306900.0,151925.0,154975.0,210812.0,104961.0,105851.0
BFA,Burkina Faso,2011,2765877.0,1363267.0,1402610.0,2606820.0,1289090.0,1317730.0
CPV,Cabo Verde,2011,64306.0,31362.0,32944.0,71767.0,35072.0,36695.0
CMR,Cameroon,2011,3258681.0,1624641.0,1634040.0,3156905.0,1574936.0,1581969.0
BDI,Burundi,2011,1431237.0,714377.0,716860.0,1422093.0,711408.0,710685.0
CAF,Central African Republic,2011,797009.0,394876.0,402133.0,791616.0,396368.0,395248.0
TCD,Chad,2011,2212434.0,1092055.0,1120379.0,2000431.0,988032.0,1012399.0
COM,Comoros,2011,104753.0,51070.0,53683.0,114151.0,55879.0,58272.0
COG,"Congo, Rep.",2011,670033.0,333383.0,336650.0,659503.0,328616.0,330887.0
COD,"Congo, Dem. Rep.",2011,11850104.0,5925042.0,5925062.0,9712331.0,4850281.0,4862050.0
CIV,Cote d'Ivoire,2011,3748582.0,1833627.0,1914955.0,3592054.0,1793119.0,1798935.0
DJI,Djibouti,2011,,,,,,
EGY,"Egypt, Arab Rep.",2011,11736642.0,5729094.0,6007548.0,10676874.0,5184628.0,5492246.0
GNQ,Equatorial Guinea,2011,158761.0,76995.0,81766.0,135940.0,66678.0,69262.0
ERI,Eritrea,2011,393735.0,195666.0,198069.0,494816.0,246577.0,248239.0
ETH,Ethiopia,2011,15776501.0,7773715.0,8002786.0,13184416.0,6484552.0,6699864.0
SWZ,Eswatini,2011,195364.0,97417.0,97947.0,134758.0,68481.0,66277.0
GAB,Gabon,2011,244996.0,122351.0,122645.0,252502.0,125762.0,126740.0
GMB,"Gambia, The",2011,316516.0,157006.0,159510.0,279402.0,139085.0,140317.0
GHA,Ghana,2011,3883172.0,1919897.0,1963275.0,3863306.0,1909723.0,1953583.0
GNB,Guinea-Bissau,2011,258637.0,128311.0,130326.0,220029.0,109460.0,110569.0
GIN,Guinea,2011,1719419.0,847720.0,871699.0,1742330.0,858820.0,883510.0
KEN,Kenya,2011,7030189.0,3507204.0,3522985.0,5813726.0,2908523.0,2905203.0
LSO,Lesotho,2011,328923.0,164059.0,164864.0,229727.0,115186.0,114541.0
LBY,Libya,2011,748425.0,364357.0,384068.0,709472.0,346500.0,362972.0
LBR,Liberia,2011,669541.0,332174.0,337367.0,544454.0,271556.0,272898.0
MWI,Malawi,2011,2602472.0,1309988.0,1292484.0,2119730.0,1076405.0,1043325.0
MDG,Madagascar,2011,3173354.0,1571376.0,1601978.0,3850561.0,1905211.0,1945350.0
MLI,Mali,2011,2688396.0,1327077.0,1361319.0,2119163.0,1045935.0,1073228.0
MRT,Mauritania,2011,561608.0,282893.0,278715.0,546850.0,278622.0,268228.0
MUS,Mauritius,2011,116037.0,57035.0,59002.0,142990.0,70872.0,72118.0
MOZ,Mozambique,2011,4624748.0,2315660.0,2309088.0,2753289.0,1381949.0,1371340.0
MAR,Morocco,2011,3675239.0,1774993.0,1900246.0,3753377.0,1821350.0,1932027.0
NAM,Namibia,2011,345016.0,174102.0,170914.0,250375.0,127231.0,123144.0
NGA,Nigeria,2011,27950810.0,13766223.0,14184587.0,22292692.0,10945083.0,11347610.0
NER,Niger,2011,2927300.0,1437581.0,1489719.0,2505730.0,1227655.0,1278075.0
RWA,Rwanda,2011,1518946.0,771312.0,747634.0,1328314.0,674367.0,653947.0
STP,Sao Tome and Principe,2011,29548.0,14789.0,14759.0,24334.0,12035.0,12299.0
SEN,Senegal,2011,2075888.0,1027056.0,1048832.0,1988958.0,990022.0,998936.0
SYC,Seychelles,2011,7792.0,3906.0,3886.0,9552.0,4646.0,4906.0
SOM,Somalia,2011,2238463.0,1103767.0,1134696.0,1785648.0,880121.0,905527.0
SLE,Sierra Leone,2011,1042501.0,517174.0,525327.0,872590.0,435307.0,437283.0
ZAF,South Africa,2011,6693917.0,3295239.0,3398678.0,5347296.0,2637182.0,2710114.0
SDN,Sudan,2011,6127059.0,3026383.0,3100676.0,4347317.0,2153447.0,2193870.0
SSD,South Sudan,2011,1604637.0,793601.0,811036.0,1240465.0,614347.0,626118.0
TZA,Tanzania,2011,8673157.0,4317414.0,4355743.0,5915425.0,2951723.0,2963702.0
TGO,Togo,2011,1058608.0,525093.0,533515.0,1034403.0,512874.0,521529.0
TUN,Tunisia,2011,992134.0,479085.0,513049.0,1289606.0,631146.0,658460.0
UGA,Uganda,2011,7111673.0,3561965.0,3549708.0,4912193.0,2463879.0,2448314.0
ZMB,Zambia,2011,2720018.0,1370039.0,1349979.0,1605806.0,809935.0,795871.0
ZWE,Zimbabwe,2011,2619296.0,1304832.0,1314464.0,1746710.0,890010.0,856700.0
BEN,Benin,2011,1629470.0,801630.0,827840.0,1582627.0,779005.0,803622.0
DZA,Algeria,2012,3079912.0,1505328.0,1574584.0,4308053.0,2085950.0,2222103.0
AGO,Angola,2012,4089885.0,2043071.0,2046814.0,3218047.0,1611111.0,1606936.0
BWA,Botswana,2012,312656.0,154721.0,157935.0,208457.0,103634.0,104823.0
BFA,Burkina Faso,2012,2859211.0,1409011.0,1450200.0,2679627.0,1324819.0,1354808.0
CPV,Cabo Verde,2012,62648.0,30487.0,32161.0,68868.0,33539.0,35329.0
CMR,Cameroon,2012,3365517.0,1677762.0,1687755.0,3226713.0,1609761.0,1616952.0
BDI,Burundi,2012,1507985.0,752584.0,755401.0,1420596.0,710423.0,710173.0
CAF,Central African Republic,2012,808379.0,400215.0,408164.0,806075.0,402335.0,403740.0
TCD,Chad,2012,2300006.0,1134757.0,1165249.0,2071728.0,1022957.0,1048771.0
COM,Comoros,2012,104137.0,50896.0,53241.0,114710.0,56302.0,58408.0
COG,"Congo, Rep.",2012,696108.0,346296.0,349812.0,671512.0,334562.0,336950.0
COD,"Congo, Dem. Rep.",2012,12219379.0,6111224.0,6108155.0,10035826.0,5012169.0,5023657.0
CIV,Cote d'Ivoire,2012,3730921.0,1815142.0,1915779.0,3573592.0,1770041.0,1803551.0
DJI,Djibouti,2012,,,,,,
EGY,"Egypt, Arab Rep.",2012,11915497.0,5822193.0,6093304.0,10833061.0,5265159.0,5567902.0
GNQ,Equatorial Guinea,2012,167409.0,81206.0,86203.0,138634.0,67826.0,70808.0
ERI,Eritrea,2012,404440.0,200923.0,203517.0,503909.0,250954.0,252955.0
ETH,Ethiopia,2012,16160606.0,7963356.0,8197250.0,13607947.0,6696976.0,6910971.0
SWZ,Eswatini,2012,195211.0,97214.0,97997.0,132820.0,67029.0,65791.0
GAB,Gabon,2012,212473.0,106086.0,106387.0,259899.0,129561.0,130338.0
GMB,"Gambia, The",2012,323397.0,160356.0,163041.0,285246.0,141899.0,143347.0
GHA,Ghana,2012,3979698.0,1967878.0,2011820.0,3919829.0,1938057.0,1981772.0
GNB,Guinea-Bissau,2012,265130.0,131493.0,133637.0,225418.0,112108.0,113310.0
GIN,Guinea,2012,1748602.0,862486.0,886116.0,1782652.0,878478.0,904174.0
KEN,Kenya,2012,7227575.0,3604154.0,3623421.0,5966375.0,2987306.0,2979069.0
LSO,Lesotho,2012,331018.0,165062.0,165956.0,227741.0,114099.0,113642.0
LBY,Libya,2012,752371.0,365555.0,386816.0,665562.0,323695.0,341867.0
LBR,Liberia,2012,693222.0,343684.0,349538.0,570873.0,284659.0,286214.0
MWI,Malawi,2012,2699501.0,1359077.0,1340424.0,2186513.0,1106552.0,1079961.0
MDG,Madagascar,2012,3226960.0,1598086.0,1628874.0,3970000.0,1964672.0,2005328.0
MLI,Mali,2012,2803903.0,1384217.0,1419686.0,2181282.0,1076108.0,1105174.0
MRT,Mauritania,2012,583323.0,294438.0,288885.0,555430.0,285054.0,270376.0
MUS,Mauritius,2012,114358.0,56218.0,58140.0,138013.0,68244.0,69769.0
MOZ,Mozambique,2012,4734082.0,2369543.0,2364539.0,2838393.0,1424667.0,1413726.0
MAR,Morocco,2012,3692925.0,1787454.0,1905471.0,3714420.0,1800141.0,1914279.0
NAM,Namibia,2012,344589.0,173761.0,170828.0,246402.0,125104.0,121298.0
NGA,Nigeria,2012,28892592.0,14229907.0,14662685.0,22971696.0,11279264.0,11692433.0
NER,Niger,2012,3053621.0,1499872.0,1553749.0,2625281.0,1286407.0,1338874.0
RWA,Rwanda,2012,1561352.0,793854.0,767498.0,1348146.0,683629.0,664517.0
STP,Sao Tome and Principe,2012,30448.0,15251.0,15197.0,24958.0,12375.0,12583.0
SEN,Senegal,2012,2129324.0,1053202.0,1076122.0,2037648.0,1013461.0,1024187.0
SYC,Seychelles,2012,7668.0,3821.0,3847.0,9207.0,4454.0,4753.0
SOM,Somalia,2012,2229105.0,1099489.0,1129616.0,1792947.0,883865.0,909082.0
SLE,Sierra Leone,2012,1063867.0,527588.0,536279.0,899617.0,448571.0,451046.0
ZAF,South Africa,2012,6689589.0,3291833.0,3397756.0,5255716.0,2591276.0,2664440.0
SDN,Sudan,2012,6271470.0,3098179.0,3173291.0,4450839.0,2201473.0,2249366.0
SSD,South Sudan,2012,1663452.0,822844.0,840608.0,1297759.0,642353.0,655406.0
TZA,Tanzania,2012,8966900.0,4464346.0,4502554.0,6114957.0,3049782.0,3065175.0
TGO,Togo,2012,1087862.0,539394.0,548468.0,1056512.0,523757.0,532755.0
TUN,Tunisia,2012,995042.0,480340.0,514702.0,1258069.0,615479.0,642590.0
UGA,Uganda,2012,7325102.0,3668624.0,3656478.0,5064576.0,2539188.0,2525388.0
ZMB,Zambia,2012,2809070.0,1414052.0,1395018.0,1654919.0,834784.0,820135.0
ZWE,Zimbabwe,2012,2663837.0,1327138.0,1336699.0,1779464.0,906297.0,873167.0
BEN,Benin,2012,1676360.0,824788.0,851572.0,1626569.0,800269.0,826300.0
DZA,Algeria,2013,3212498.0,1569514.0,1642984.0,4205664.0,2042440.0,2163224.0
AGO,Angola,2013,4274245.0,2134403.0,2139842.0,3332036.0,1668154.0,1663882.0
BWA,Botswana,2013,322901.0,159842.0,163059.0,211764.0,105184.0,106580.0
BFA,Burkina Faso,2013,2961227.0,1459225.0,1502002.0,2762393.0,1365061.0,1397332.0
CPV,Cabo Verde,2013,61715.0,29986.0,31729.0,65747.0,31857.0,33890.0
CMR,Cameroon,2013,3476976.0,1733317.0,1743659.0,3302016.0,1647424.0,1654592.0
BDI,Burundi,2013,1593685.0,795275.0,798410.0,1434735.0,717454.0,717281.0
CAF,Central African Republic,2013,818175.0,404942.0,413233.0,819460.0,407845.0,411615.0
TCD,Chad,2013,2389712.0,1178376.0,1211336.0,2140902.0,1056866.0,1084036.0
COM,Comoros,2013,103982.0,50970.0,53012.0,114857.0,56475.0,58382.0
COG,"Congo, Rep.",2013,724621.0,360409.0,364212.0,681230.0,339289.0,341941.0
COD,"Congo, Dem. Rep.",2013,12611861.0,6308924.0,6302937.0,10374478.0,5182126.0,5192352.0
CIV,Cote d'Ivoire,2013,3741700.0,1813402.0,1928298.0,3544292.0,1736299.0,1807993.0
DJI,Djibouti,2013,,,,,,
EGY,"Egypt, Arab Rep.",2013,12123245.0,5927553.0,6195692.0,10990845.0,5345396.0,5645449.0
GNQ,Equatorial Guinea,2013,176689.0,86080.0,90609.0,141715.0,69098.0,72617.0
ERI,Eritrea,2013,427722.0,212332.0,215390.0,523182.0,260296.0,262886.0
ETH,Ethiopia,2013,16539795.0,8148273.0,8391522.0,14026162.0,6907205.0,7118957.0
SWZ,Eswatini,2013,194442.0,96950.0,97492.0,131992.0,66056.0,65936.0
GAB,Gabon,2013,218681.0,109172.0,109509.0,265218.0,132177.0,133041.0
GMB,"Gambia, The",2013,331363.0,164254.0,167109.0,290634.0,144481.0,146153.0
GHA,Ghana,2013,4061663.0,2008718.0,2052945.0,3455595.0,1708652.0,1746943.0
GNB,Guinea-Bissau,2013,271940.0,134832.0,137108.0,230908.0,114799.0,116109.0
GIN,Guinea,2013,1781411.0,878985.0,902426.0,1820468.0,897158.0,923310.0
KEN,Kenya,2013,7423700.0,3700594.0,3723106.0,6141566.0,3076150.0,3065416.0
LSO,Lesotho,2013,334382.0,166709.0,167673.0,225897.0,113107.0,112790.0
LBY,Libya,2013,771398.0,374257.0,397141.0,676021.0,329134.0,346887.0
LBR,Liberia,2013,715974.0,354712.0,361262.0,587996.0,292828.0,295168.0
MWI,Malawi,2013,2804766.0,1412238.0,1392528.0,2254346.0,1138232.0,1116114.0
MDG,Madagascar,2013,3285800.0,1627272.0,1658528.0,4077910.0,2018442.0,2059468.0
MLI,Mali,2013,2918885.0,1441098.0,1477787.0,2246627.0,1107609.0,1139018.0
MRT,Mauritania,2013,607611.0,306844.0,300767.0,565940.0,292301.0,273639.0
MUS,Mauritius,2013,111256.0,54661.0,56595.0,137720.0,67947.0,69773.0
MOZ,Mozambique,2013,4842754.0,2423016.0,2419738.0,2929377.0,1470267.0,1459110.0
MAR,Morocco,2013,3718690.0,1804096.0,1914594.0,3689356.0,1785341.0,1904015.0
NAM,Namibia,2013,347788.0,174904.0,172884.0,245847.0,124596.0,121251.0
NGA,Nigeria,2013,29791716.0,14671353.0,15120362.0,23737744.0,11656737.0,12081008.0
NER,Niger,2013,3183313.0,1563708.0,1619605.0,2754866.0,1350349.0,1404517.0
RWA,Rwanda,2013,1941833.0,970068.0,971765.0,1843645.0,924758.0,918887.0
STP,Sao Tome and Principe,2013,31407.0,15730.0,15677.0,25461.0,12687.0,12774.0
SEN,Senegal,2013,2183059.0,1079355.0,1103704.0,2088708.0,1038301.0,1050407.0
SYC,Seychelles,2013,7658.0,3769.0,3889.0,8626.0,4158.0,4468.0
SOM,Somalia,2013,2284312.0,1126733.0,1157579.0,1845662.0,909971.0,935691.0
SLE,Sierra Leone,2013,1085093.0,538139.0,546954.0,1063913.0,529945.0,533968.0
ZAF,South Africa,2013,6786219.0,3340147.0,3446072.0,5187798.0,2562663.0,2625135.0
SDN,Sudan,2013,6409956.0,3166924.0,3243032.0,4569153.0,2258561.0,2310592.0
SSD,South Sudan,2013,1720034.0,850919.0,869115.0,1351353.0,668555.0,682798.0
TZA,Tanzania,2013,9267032.0,4614189.0,4652843.0,6337032.0,3158878.0,3178154.0
TGO,Togo,2013,1119984.0,555168.0,564816.0,1080758.0,535662.0,545096.0
TUN,Tunisia,2013,1002898.0,484250.0,518648.0,1228544.0,600353.0,628191.0
UGA,Uganda,2013,7530793.0,3771123.0,3759670.0,5222407.0,2617343.0,2605064.0
ZMB,Zambia,2013,2904176.0,1460991.0,1443185.0,1706358.0,860721.0,845637.0
ZWE,Zimbabwe,2013,2685405.0,1338571.0,1346834.0,1826663.0,932794.0,893869.0
BEN,Benin,2013,1728914.0,850855.0,878059.0,1669919.0,821226.0,848693.0
DZA,Algeria,2014,3387748.0,1654801.0,1732947.0,4121098.0,2007242.0,2113856.0
AGO,Angola,2014,4465470.0,2229196.0,2236274.0,3456739.0,1730463.0,1726276.0
BWA,Botswana,2014,331806.0,164311.0,167495.0,216714.0,107576.0,109138.0
BFA,Burkina Faso,2014,3067895.0,1511723.0,1556172.0,2847396.0,1406467.0,1440929.0
CPV,Cabo Verde,2014,61332.0,29780.0,31552.0,62573.0,30131.0,32442.0
CMR,Cameroon,2014,3592909.0,1791174.0,1801735.0,3382772.0,1687688.0,1695084.0
BDI,Burundi,2014,1685657.0,841074.0,844583.0,1448704.0,724185.0,724519.0
CAF,Central African Republic,2014,826677.0,409139.0,417538.0,829723.0,412354.0,417369.0
TCD,Chad,2014,2484511.0,1224439.0,1260072.0,2226528.0,1099101.0,1127427.0
COM,Comoros,2014,105988.0,51868.0,54120.0,114187.0,56165.0,58022.0
COG,"Congo, Rep.",2014,752589.0,374235.0,378354.0,696059.0,346584.0,349475.0
COD,"Congo, Dem. Rep.",2014,13031891.0,6520211.0,6511680.0,10657181.0,5325211.0,5331970.0
CIV,Cote d'Ivoire,2014,3793323.0,1833647.0,1959676.0,3505329.0,1693008.0,1812321.0
DJI,Djibouti,2014,,,,,,
EGY,"Egypt, Arab Rep.",2014,12366811.0,6047748.0,6319063.0,11187225.0,5445966.0,5741259.0
GNQ,Equatorial Guinea,2014,186338.0,91213.0,95125.0,145590.0,70687.0,74903.0
ERI,Eritrea,2014,434228.0,215507.0,218721.0,533082.0,265121.0,267961.0
ETH,Ethiopia,2014,16896682.0,8320833.0,8575849.0,14423626.0,7107934.0,7315692.0
SWZ,Eswatini,2014,193913.0,96903.0,97010.0,131916.0,65523.0,66393.0
GAB,Gabon,2014,225420.0,112515.0,112905.0,271295.0,135187.0,136108.0
GMB,"Gambia, The",2014,340814.0,168906.0,171908.0,295338.0,146730.0,148608.0
GHA,Ghana,2014,4135344.0,2045501.0,2089843.0,3541551.0,1751472.0,1790079.0
GNB,Guinea-Bissau,2014,279300.0,138442.0,140858.0,236418.0,117495.0,118923.0
GIN,Guinea,2014,1817759.0,897193.0,920566.0,1856320.0,914970.0,941350.0
KEN,Kenya,2014,7614250.0,3794191.0,3820059.0,6324882.0,3169149.0,3155733.0
LSO,Lesotho,2014,339424.0,169206.0,170218.0,224582.0,112391.0,112191.0
LBY,Libya,2014,789330.0,382751.0,406579.0,689236.0,335784.0,353452.0
LBR,Liberia,2014,739011.0,365891.0,373120.0,606091.0,301505.0,304586.0
MWI,Malawi,2014,2910880.0,1465808.0,1445072.0,2327127.0,1173228.0,1153899.0
MDG,Madagascar,2014,3354575.0,1661214.0,1693361.0,4170977.0,2064906.0,2106071.0
MLI,Mali,2014,3037551.0,1499848.0,1537703.0,2330661.0,1148847.0,1181814.0
MRT,Mauritania,2014,630705.0,317231.0,313474.0,582980.0,300339.0,282641.0
MUS,Mauritius,2014,108387.0,53299.0,55088.0,137008.0,67505.0,69503.0
MOZ,Mozambique,2014,4961248.0,2481203.0,2480045.0,3021609.0,1516304.0,1505305.0
MAR,Morocco,2014,3755274.0,1825790.0,1929484.0,3676732.0,1777045.0,1899687.0
NAM,Namibia,2014,352088.0,176628.0,175460.0,247405.0,125051.0,122354.0
NGA,Nigeria,2014,30671288.0,15104027.0,15567261.0,24532620.0,12047933.0,12484686.0
NER,Niger,2014,3314815.0,1628372.0,1686443.0,2886229.0,1415069.0,1471160.0
RWA,Rwanda,2014,1734754.0,874210.0,860544.0,1403737.0,713042.0,690695.0
STP,Sao Tome and Principe,2014,32266.0,16145.0,16121.0,26098.0,13067.0,13031.0
SEN,Senegal,2014,2256284.0,1113479.0,1142805.0,2165811.0,1075228.0,1090583.0
SYC,Seychelles,2014,7452.0,3737.0,3715.0,8140.0,4015.0,4125.0
SOM,Somalia,2014,2355285.0,1161600.0,1193685.0,1912123.0,942879.0,969244.0
SLE,Sierra Leone,2014,1106287.0,548942.0,557345.0,1095387.0,544776.0,550611.0
ZAF,South Africa,2014,6905297.0,3400680.0,3504617.0,5160943.0,2551991.0,2608952.0
SDN,Sudan,2014,6543634.0,3233086.0,3310548.0,4695489.0,2320999.0,2374490.0
SSD,South Sudan,2014,1775774.0,878509.0,897265.0,1404180.0,694544.0,709636.0
TZA,Tanzania,2014,9568308.0,4763973.0,4804335.0,6571981.0,3274171.0,3297810.0
TGO,Togo,2014,1155486.0,572648.0,582838.0,1107277.0,548659.0,558618.0
TUN,Tunisia,2014,1019282.0,492329.0,526953.0,1200367.0,585453.0,614914.0
UGA,Uganda,2014,7732386.0,3870942.0,3861444.0,5379388.0,2695339.0,2684049.0
ZMB,Zambia,2014,3005422.0,1510949.0,1494473.0,1760092.0,887587.0,872505.0
ZWE,Zimbabwe,2014,2706106.0,1348049.0,1358057.0,1879261.0,956923.0,922338.0
BEN,Benin,2014,1782597.0,877550.0,905047.0,1705026.0,838249.0,866777.0
DZA,Algeria,2015,3582093.0,1749670.0,1832423.0,4081182.0,1993541.0,2087641.0
AGO,Angola,2015,4661554.0,2326384.0,2335170.0,3590639.0,1797146.0,1793493.0
BWA,Botswana,2015,339113.0,168000.0,171113.0,222573.0,110446.0,112127.0
BFA,Burkina Faso,2015,3178921.0,1566235.0,1612686.0,2935415.0,1449178.0,1486237.0
CPV,Cabo Verde,2015,61021.0,29616.0,31405.0,59904.0,28698.0,31206.0
CMR,Cameroon,2015,3711130.0,1849990.0,1861140.0,3484984.0,1739022.0,1745962.0
BDI,Burundi,2015,1783052.0,889563.0,893489.0,1511870.0,755544.0,756326.0
CAF,Central African Republic,2015,830985.0,411486.0,419499.0,832667.0,413678.0,418989.0
TCD,Chad,2015,2582236.0,1272180.0,1310056.0,2307207.0,1138732.0,1168475.0
COM,Comoros,2015,108563.0,53011.0,55552.0,114616.0,56227.0,58389.0
COG,"Congo, Rep.",2015,784223.0,389875.0,394348.0,714365.0,355619.0,358746.0
COD,"Congo, Dem. Rep.",2015,13485858.0,6748342.0,6737516.0,10950320.0,5473312.0,5477008.0
CIV,Cote d'Ivoire,2015,3953140.0,1917544.0,2035596.0,3608711.0,1730485.0,1878226.0
DJI,Djibouti,2015,,,,,,
EGY,"Egypt, Arab Rep.",2015,12629283.0,6173665.0,6455618.0,11375623.0,5544027.0,5831596.0
GNQ,Equatorial Guinea,2015,196422.0,96596.0,99826.0,150085.0,72595.0,77490.0
ERI,Eritrea,2015,439113.0,217882.0,221231.0,532376.0,264600.0,267776.0
ETH,Ethiopia,2015,17216260.0,8473988.0,8742271.0,14828862.0,7313067.0,7515795.0
SWZ,Eswatini,2015,193672.0,96960.0,96712.0,131731.0,65209.0,66522.0
GAB,Gabon,2015,232841.0,116190.0,116651.0,277773.0,138433.0,139340.0
GMB,"Gambia, The",2015,350758.0,173818.0,176940.0,300171.0,149036.0,151135.0
GHA,Ghana,2015,4207134.0,2081384.0,2125750.0,3638404.0,1799659.0,1838745.0
GNB,Guinea-Bissau,2015,286291.0,141868.0,144423.0,242321.0,120384.0,121937.0
GIN,Guinea,2015,1859765.0,918069.0,941696.0,1889311.0,931444.0,957867.0
KEN,Kenya,2015,7796052.0,3882983.0,3913069.0,6513592.0,3264866.0,3248726.0
LSO,Lesotho,2015,343705.0,171332.0,172373.0,224642.0,112374.0,112268.0
LBY,Libya,2015,803864.0,389764.0,414100.0,701776.0,341922.0,359854.0
LBR,Liberia,2015,760533.0,376318.0,384215.0,623630.0,309903.0,313727.0
MWI,Malawi,2015,3012952.0,1517173.0,1495779.0,2406981.0,1212549.0,1194432.0
MDG,Madagascar,2015,3431113.0,1698779.0,1732334.0,4252980.0,2105922.0,2147058.0
MLI,Mali,2015,3158042.0,1559642.0,1598400.0,2424988.0,1195306.0,1229682.0
MRT,Mauritania,2015,654359.0,327847.0,326512.0,601225.0,308849.0,292376.0
MUS,Mauritius,2015,104431.0,51365.0,53066.0,137289.0,67601.0,69688.0
MOZ,Mozambique,2015,5109994.0,2554405.0,2555589.0,3107894.0,1559259.0,1548635.0
MAR,Morocco,2015,3809085.0,1854452.0,1954633.0,3660611.0,1768893.0,1891718.0
NAM,Namibia,2015,358293.0,179445.0,178848.0,250437.0,126199.0,124238.0
NGA,Nigeria,2015,31567390.0,15543809.0,16023581.0,25364764.0,12457336.0,12907429.0
NER,Niger,2015,3448823.0,1694338.0,1754485.0,3023664.0,1482702.0,1540962.0
RWA,Rwanda,2015,1785666.0,898637.0,887029.0,1440851.0,731713.0,709138.0
STP,Sao Tome and Principe,2015,32984.0,16488.0,16496.0,26848.0,13500.0,13348.0
SEN,Senegal,2015,2329159.0,1146399.0,1182760.0,2248755.0,1115220.0,1133535.0
SYC,Seychelles,2015,7482.0,3818.0,3664.0,8029.0,3960.0,4069.0
SOM,Somalia,2015,2419712.0,1193086.0,1226626.0,1978894.0,976050.0,1002844.0
SLE,Sierra Leone,2015,1126955.0,559350.0,567605.0,1127631.0,559903.0,567728.0
ZAF,South Africa,2015,7040996.0,3468082.0,3572914.0,5045932.0,2489432.0,2556500.0
SDN,Sudan,2015,6677631.0,3299030.0,3378601.0,4843759.0,2395518.0,2448241.0
SSD,South Sudan,2015,1811564.0,896067.0,915497.0,1422954.0,703134.0,719820.0
TZA,Tanzania,2015,9853011.0,4904761.0,4948250.0,6800834.0,3387768.0,3413066.0
TGO,Togo,2015,1192898.0,591106.0,601792.0,1136198.0,562817.0,573381.0
TUN,Tunisia,2015,1043397.0,503662.0,539735.0,1175020.0,571888.0,603132.0
UGA,Uganda,2015,7927461.0,3966736.0,3960725.0,5547846.0,2779663.0,2768183.0
ZMB,Zambia,2015,3109568.0,1562230.0,1547338.0,1815009.0,915009.0,900000.0
ZWE,Zimbabwe,2015,2734177.0,1361455.0,1372722.0,1942695.0,986532.0,956163.0
BEN,Benin,2015,1834715.0,903483.0,931232.0,1748103.0,859338.0,888765.0
DZA,Algeria,2016,3775809.0,1844487.0,1931322.0,4094154.0,2005442.0,2088712.0
AGO,Angola,2016,4861708.0,2425642.0,2436066.0,3738092.0,1870340.0,1867752.0
BWA,Botswana,2016,344929.0,170934.0,173995.0,229232.0,113787.0,115445.0
BFA,Burkina Faso,2016,3286996.0,1619234.0,1667762.0,3029067.0,1494888.0,1534179.0
CPV,Cabo Verde,2016,60647.0,29421.0,31226.0,57980.0,27699.0,30281.0
CMR,Cameroon,2016,3824459.0,1906225.0,1918234.0,3594047.0,1793461.0,1800586.0
BDI,Burundi,2016,1876235.0,935923.0,940312.0,1523770.0,760643.0,763127.0
CAF,Central African Republic,2016,840559.0,416739.0,423820.0,852419.0,423015.0,429404.0
TCD,Chad,2016,2680921.0,1320356.0,1360565.0,2375057.0,1171813.0,1203244.0
COM,Comoros,2016,111615.0,54298.0,57317.0,116004.0,56727.0,59277.0
COG,"Congo, Rep.",2016,819124.0,407113.0,412011.0,734735.0,365678.0,369057.0
COD,"Congo, Dem. Rep.",2016,13978209.0,6995055.0,6983154.0,11281427.0,5641092.0,5640335.0
CIV,Cote d'Ivoire,2016,4111916.0,1999716.0,2112200.0,3735150.0,1783310.0,1951840.0
DJI,Djibouti,2016,,,,,,
EGY,"Egypt, Arab Rep.",2016,12927342.0,6313512.0,6613830.0,11543926.0,5634320.0,5909606.0
GNQ,Equatorial Guinea,2016,206508.0,101976.0,104532.0,155479.0,75020.0,80459.0
ERI,Eritrea,2016,441480.0,219012.0,222468.0,540969.0,268781.0,272188.0
ETH,Ethiopia,2016,17488296.0,8603771.0,8884524.0,15220059.0,7510749.0,7709310.0
SWZ,Eswatini,2016,192998.0,96697.0,96301.0,132020.0,65291.0,66729.0
GAB,Gabon,2016,241196.0,120318.0,120878.0,284430.0,141799.0,142631.0
GMB,"Gambia, The",2016,361100.0,178928.0,182172.0,305424.0,151564.0,153860.0
GHA,Ghana,2016,4283173.0,2119132.0,2164041.0,3734315.0,1847407.0,1886908.0
GNB,Guinea-Bissau,2016,293015.0,145158.0,147857.0,248416.0,123365.0,125051.0
GIN,Guinea,2016,1907956.0,941895.0,966061.0,1920643.0,947092.0,973551.0
KEN,Kenya,2016,7962793.0,3963968.0,3998825.0,6694546.0,3357501.0,3337045.0
LSO,Lesotho,2016,346051.0,172503.0,173548.0,226571.0,113289.0,113282.0
LBY,Libya,2016,814796.0,395151.0,419645.0,715978.0,348743.0,367235.0
LBR,Liberia,2016,780851.0,386182.0,394669.0,642157.0,318833.0,323324.0
MWI,Malawi,2016,3105817.0,1563521.0,1542296.0,2492001.0,1255175.0,1236826.0
MDG,Madagascar,2016,3514884.0,1739725.0,1775159.0,4327766.0,2143374.0,2184392.0
MLI,Mali,2016,3278757.0,1619470.0,1659287.0,2528130.0,1246340.0,1281790.0
MRT,Mauritania,2016,678249.0,338567.0,339682.0,621109.0,318028.0,303081.0
MUS,Mauritius,2016,100598.0,49602.0,50996.0,136347.0,66963.0,69384.0
MOZ,Mozambique,2016,5285714.0,2641091.0,2644623.0,3188540.0,1599190.0,1589350.0
MAR,Morocco,2016,3873303.0,1886252.0,1987051.0,3641058.0,1761702.0,1879356.0
NAM,Namibia,2016,367738.0,183975.0,183763.0,253209.0,127233.0,125976.0
NGA,Nigeria,2016,32443984.0,15973425.0,16470559.0,26241756.0,12887716.0,13354039.0
NER,Niger,2016,3584674.0,1761210.0,1823464.0,3165676.0,1552655.0,1613021.0
RWA,Rwanda,2016,1810740.0,910402.0,900338.0,1486315.0,754326.0,731989.0
STP,Sao Tome and Principe,2016,33488.0,16723.0,16765.0,27697.0,13969.0,13728.0
SEN,Senegal,2016,2400844.0,1177933.0,1222911.0,2335237.0,1156809.0,1178428.0
SYC,Seychelles,2016,7136.0,3479.0,3657.0,7298.0,3771.0,3527.0
SOM,Somalia,2016,2467493.0,1216009.0,1251484.0,2042249.0,1007463.0,1034786.0
SLE,Sierra Leone,2016,1148098.0,569853.0,578245.0,1157668.0,574360.0,583308.0
ZAF,South Africa,2016,7261270.0,3576881.0,3684389.0,4972733.0,2444416.0,2528317.0
SDN,Sudan,2016,6817288.0,3367837.0,3449451.0,4984076.0,2466007.0,2518069.0
SSD,South Sudan,2016,1850015.0,915044.0,934971.0,1477679.0,730697.0,746982.0
TZA,Tanzania,2016,10129646.0,5040857.0,5088789.0,7049386.0,3508180.0,3541206.0
TGO,Togo,2016,1233415.0,611140.0,622275.0,1166703.0,577728.0,588975.0
TUN,Tunisia,2016,1074371.0,518205.0,556166.0,1159168.0,563263.0,595905.0
UGA,Uganda,2016,8124555.0,4062698.0,4061857.0,5735967.0,2874171.0,2861796.0
ZMB,Zambia,2016,3217003.0,1614973.0,1602030.0,1870378.0,942657.0,927721.0
ZWE,Zimbabwe,2016,2780629.0,1384422.0,1396207.0,2005520.0,1015245.0,990275.0
BEN,Benin,2016,1885132.0,928665.0,956467.0,1795834.0,882782.0,913052.0
DZA,Algeria,2017,3963647.0,1936877.0,2026770.0,4208402.0,2059488.0,2148914.0
AGO,Angola,2017,5062538.0,2525263.0,2537275.0,3901103.0,1951246.0,1949857.0
BWA,Botswana,2017,349413.0,173182.0,176231.0,234584.0,116503.0,118081.0
BFA,Burkina Faso,2017,3397095.0,1673356.0,1723739.0,3127586.0,1542792.0,1584794.0
CPV,Cabo Verde,2017,60303.0,29233.0,31070.0,56774.0,27074.0,29700.0
CMR,Cameroon,2017,3930342.0,1958512.0,1971830.0,3710939.0,1851679.0,1859260.0
BDI,Burundi,2017,1976839.0,985926.0,990913.0,1379212.0,688164.0,691048.0
CAF,Central African Republic,2017,868384.0,430625.0,437759.0,872020.0,432397.0,439623.0
TCD,Chad,2017,2777046.0,1367484.0,1409562.0,2463250.0,1215077.0,1248173.0
COM,Comoros,2017,114402.0,55544.0,58858.0,118428.0,57602.0,60826.0
COG,"Congo, Rep.",2017,858165.0,426367.0,431798.0,758558.0,377472.0,381086.0
COD,"Congo, Dem. Rep.",2017,14514800.0,7263606.0,7251194.0,11678262.0,5842439.0,5835823.0
CIV,Cote d'Ivoire,2017,4276546.0,2082497.0,2194049.0,3867150.0,1845345.0,2021805.0
DJI,Djibouti,2017,,,,,,
EGY,"Egypt, Arab Rep.",2017,13279100.0,6480079.0,6799021.0,11694121.0,5714465.0,5979656.0
GNQ,Equatorial Guinea,2017,216024.0,107045.0,108979.0,162243.0,78215.0,84028.0
ERI,Eritrea,2017,442899.0,219676.0,223223.0,550920.0,273625.0,277295.0
ETH,Ethiopia,2017,17710008.0,8709275.0,9000734.0,15601936.0,7702580.0,7899356.0
SWZ,Eswatini,2017,191811.0,96083.0,95728.0,132112.0,65415.0,66697.0
GAB,Gabon,2017,250330.0,124818.0,125512.0,291416.0,145350.0,146066.0
GMB,"Gambia, The",2017,371882.0,184260.0,187622.0,311364.0,154442.0,156922.0
GHA,Ghana,2017,4372123.0,2163040.0,2209083.0,3827835.0,1894081.0,1933754.0
GNB,Guinea-Bissau,2017,299885.0,148509.0,151376.0,254561.0,126376.0,128185.0
GIN,Guinea,2017,1958194.0,966653.0,991541.0,1950200.0,961928.0,988272.0
KEN,Kenya,2017,8121033.0,4040521.0,4080512.0,6894769.0,3453649.0,3441120.0
LSO,Lesotho,2017,348554.0,173747.0,174807.0,229953.0,114939.0,115014.0
LBY,Libya,2017,826473.0,400901.0,425572.0,732506.0,356589.0,375917.0
LBR,Liberia,2017,798387.0,394720.0,403667.0,660863.0,327845.0,333018.0
MWI,Malawi,2017,3184568.0,1602351.0,1582217.0,2582469.0,1301012.0,1281457.0
MDG,Madagascar,2017,3595516.0,1778894.0,1816622.0,4397398.0,2178246.0,2219152.0
MLI,Mali,2017,3399474.0,1679151.0,1720323.0,2639306.0,1301377.0,1337929.0
MRT,Mauritania,2017,702193.0,349309.0,352884.0,642878.0,327986.0,314892.0
MUS,Mauritius,2017,96383.0,47520.0,48863.0,135368.0,66537.0,68831.0
MOZ,Mozambique,2017,5474134.0,2734020.0,2740114.0,3265776.0,1637252.0,1628524.0
MAR,Morocco,2017,3940514.0,1918718.0,2021796.0,3640089.0,1763681.0,1876408.0
NAM,Namibia,2017,379943.0,190019.0,189924.0,254298.0,127391.0,126907.0
NGA,Nigeria,2017,33316284.0,16402629.0,16913656.0,27169338.0,13343180.0,13826158.0
NER,Niger,2017,3721902.0,1828677.0,1893225.0,3310370.0,1623968.0,1686402.0
RWA,Rwanda,2017,1823541.0,916311.0,907230.0,1539313.0,780326.0,758987.0
STP,Sao Tome and Principe,2017,33677.0,16821.0,16856.0,28609.0,14453.0,14156.0
SEN,Senegal,2017,2472580.0,1209120.0,1263460.0,2420691.0,1197092.0,1223599.0
SYC,Seychelles,2017,6834.0,3333.0,3501.0,6555.0,3358.0,3197.0
SOM,Somalia,2017,2528366.0,1245709.0,1282657.0,2127255.0,1049669.0,1077586.0
SLE,Sierra Leone,2017,1172074.0,581842.0,590232.0,1184988.0,587718.0,597270.0
ZAF,South Africa,2017,7414920.0,3654422.0,3760498.0,4783212.0,2361539.0,2421673.0
SDN,Sudan,2017,6963065.0,3439721.0,3523344.0,5117236.0,2532951.0,2584285.0
SSD,South Sudan,2017,1868705.0,924058.0,944647.0,1497792.0,740051.0,757741.0
TZA,Tanzania,2017,10397318.0,5172215.0,5225103.0,7282667.0,3623006.0,3659661.0
TGO,Togo,2017,1276481.0,632432.0,644049.0,1197886.0,592963.0,604923.0
TUN,Tunisia,2017,1108894.0,534593.0,574301.0,1152870.0,559321.0,593549.0
UGA,Uganda,2017,8326857.0,4160627.0,4166230.0,5937865.0,2976198.0,2961667.0
ZMB,Zambia,2017,3324906.0,1667903.0,1657003.0,1929184.0,971828.0,957356.0
ZWE,Zimbabwe,2017,2837238.0,1412389.0,1424849.0,2066235.0,1042988.0,1023247.0
BEN,Benin,2017,1936130.0,954249.0,981881.0,1845843.0,907356.0,938487.0
DZA,Algeria,2018,4136504.0,2022208.0,2114296.0,4357222.0,2130952.0,2226270.0
AGO,Angola,2018,5262059.0,2624350.0,2637709.0,4074577.0,2037224.0,2037353.0
BWA,Botswana,2018,351458.0,174258.0,177200.0,239636.0,118977.0,120659.0
BFA,Burkina Faso,2018,3503815.0,1725769.0,1778046.0,3232593.0,1594138.0,1638455.0
CPV,Cabo Verde,2018,59874.0,28994.0,30880.0,56224.0,26790.0,29434.0
CMR,Cameroon,2018,4027431.0,2006231.0,2021200.0,3828702.0,1910107.0,1918595.0
BDI,Burundi,2018,2082254.0,1038274.0,1043980.0,1456614.0,726834.0,729780.0
CAF,Central African Republic,2018,896208.0,444504.0,451704.0,888794.0,440673.0,448121.0
TCD,Chad,2018,2868821.0,1412745.0,1456076.0,2558934.0,1261982.0,1296952.0
COM,Comoros,2018,116045.0,56530.0,59515.0,119438.0,57974.0,61464.0
COG,"Congo, Rep.",2018,895757.0,444870.0,450887.0,786573.0,391361.0,395212.0
COD,"Congo, Dem. Rep.",2018,15075087.0,7543682.0,7531405.0,12048900.0,6029908.0,6018992.0
CIV,Cote d'Ivoire,2018,4421472.0,2152602.0,2268870.0,3995331.0,1912261.0,2083070.0
DJI,Djibouti,2018,,,,,,
EGY,"Egypt, Arab Rep.",2018,13640269.0,6653028.0,6987241.0,11868793.0,5804417.0,6064376.0
GNQ,Equatorial Guinea,2018,224617.0,111608.0,113009.0,170756.0,82378.0,88378.0
ERI,Eritrea,2018,443896.0,220123.0,223773.0,564019.0,280095.0,283924.0
ETH,Ethiopia,2018,17887852.0,8793703.0,9094148.0,15990380.0,7895832.0,8094548.0
SWZ,Eswatini,2018,191333.0,95751.0,95582.0,130756.0,64963.0,65793.0
GAB,Gabon,2018,259980.0,129561.0,130419.0,298975.0,149184.0,149791.0
GMB,"Gambia, The",2018,382949.0,189732.0,193217.0,318168.0,157764.0,160404.0
GHA,Ghana,2018,4460004.0,2206136.0,2253868.0,3924152.0,1942221.0,1981931.0
GNB,Guinea-Bissau,2018,306807.0,151878.0,154929.0,261173.0,129619.0,131554.0
GIN,Guinea,2018,2007709.0,990990.0,1016719.0,1981385.0,977635.0,1003750.0
KEN,Kenya,2018,8228076.0,4091646.0,4136430.0,7085784.0,3548142.0,3537642.0
LSO,Lesotho,2018,354586.0,176742.0,177844.0,233173.0,116513.0,116660.0
LBY,Libya,2018,839124.0,407395.0,431729.0,751454.0,365200.0,386254.0
LBR,Liberia,2018,812798.0,401726.0,411072.0,681549.0,337852.0,343697.0
MWI,Malawi,2018,3248766.0,1633677.0,1615089.0,2680684.0,1350732.0,1329952.0
MDG,Madagascar,2018,3663361.0,1811566.0,1851795.0,4471151.0,2215047.0,2256104.0
MLI,Mali,2018,3520133.0,1738822.0,1781311.0,2755142.0,1358765.0,1396377.0
MRT,Mauritania,2018,726298.0,360103.0,366195.0,666421.0,338680.0,327741.0
MUS,Mauritius,2018,92942.0,45963.0,46979.0,133918.0,65790.0,68128.0
MOZ,Mozambique,2018,5669246.0,2829948.0,2839298.0,3341214.0,1674169.0,1667045.0
MAR,Morocco,2018,3992701.0,1943808.0,2048893.0,3658735.0,1776386.0,1882349.0
NAM,Namibia,2018,395463.0,197897.0,197566.0,254460.0,127062.0,127398.0
NGA,Nigeria,2018,34166512.0,16821936.0,17344574.0,28092112.0,13795800.0,14296311.0
NER,Niger,2018,3858724.0,1895755.0,1962969.0,3455277.0,1695450.0,1759827.0
RWA,Rwanda,2018,1825798.0,917189.0,908609.0,1598567.0,809092.0,789475.0
STP,Sao Tome and Principe,2018,33616.0,16769.0,16847.0,29587.0,14957.0,14630.0
SEN,Senegal,2018,2543757.0,1239839.0,1303918.0,2504503.0,1235393.0,1269110.0
SYC,Seychelles,2018,7483.0,3693.0,3790.0,6889.0,3530.0,3359.0
SOM,Somalia,2018,2578935.0,1270928.0,1308007.0,2199059.0,1085342.0,1113717.0
SLE,Sierra Leone,2018,1195440.0,593588.0,601852.0,1210679.0,600297.0,610382.0
ZAF,South Africa,2018,7536409.0,3721469.0,3814940.0,4811616.0,2374610.0,2437006.0
SDN,Sudan,2018,7105393.0,3510234.0,3595159.0,5259695.0,2604526.0,2655169.0
SSD,South Sudan,2018,1884494.0,931510.0,952984.0,1512047.0,746883.0,765164.0
TZA,Tanzania,2018,10645654.0,5293422.0,5352232.0,7531475.0,3746898.0,3784577.0
TGO,Togo,2018,1314430.0,651198.0,663232.0,1231954.0,609617.0,622337.0
TUN,Tunisia,2018,1143314.0,551126.0,592188.0,1154018.0,559066.0,594952.0
UGA,Uganda,2018,8521856.0,4254392.0,4267464.0,6141528.0,3078732.0,3062796.0
ZMB,Zambia,2018,3430784.0,1719931.0,1710853.0,1989429.0,1001610.0,987819.0
ZWE,Zimbabwe,2018,2907540.0,1447190.0,1460350.0,2114497.0,1064916.0,1049581.0
BEN,Benin,2018,1989146.0,980804.0,1008342.0,1898043.0,933133.0,964910.0
DZA,Algeria,2019,4318276.0,2111952.0,2206324.0,4534970.0,2217027.0,2317943.0
AGO,Angola,2019,5460409.0,2722856.0,2737553.0,4256808.0,2127517.0,2129291.0
BWA,Botswana,2019,351547.0,174362.0,177185.0,244187.0,121261.0,122926.0
BFA,Burkina Faso,2019,3601651.0,1773708.0,1827943.0,3348907.0,1651416.0,1697491.0
CPV,Cabo Verde,2019,59497.0,28782.0,30715.0,56266.0,26854.0,29412.0
CMR,Cameroon,2019,4121498.0,2052056.0,2069442.0,3951906.0,1971513.0,1980393.0
BDI,Burundi,2019,2179703.0,1086624.0,1093079.0,1554357.0,776031.0,778326.0
CAF,Central African Republic,2019,924317.0,458567.0,465750.0,904615.0,448148.0,456467.0
TCD,Chad,2019,2965000.0,1460348.0,1504652.0,2661275.0,1312184.0,1349091.0
COM,Comoros,2019,117700.0,57518.0,60182.0,120081.0,58243.0,61838.0
COG,"Congo, Rep.",2019,930279.0,461811.0,468468.0,818118.0,406999.0,411119.0
COD,"Congo, Dem. Rep.",2019,15638638.0,7824908.0,7813730.0,12420849.0,6217372.0,6203477.0
CIV,Cote d'Ivoire,2019,4525453.0,2202449.0,2323004.0,4140292.0,1990123.0,2150169.0
DJI,Djibouti,2019,,,,,,
EGY,"Egypt, Arab Rep.",2019,14074296.0,6864450.0,7209846.0,12083007.0,5912433.0,6170574.0
GNQ,Equatorial Guinea,2019,233321.0,115907.0,117414.0,179852.0,87182.0,92670.0
ERI,Eritrea,2019,445841.0,221030.0,224811.0,575972.0,286033.0,289939.0
ETH,Ethiopia,2019,18023004.0,8858332.0,9164672.0,16367973.0,8081365.0,8286608.0
SWZ,Eswatini,2019,190945.0,95585.0,95360.0,129574.0,64535.0,65039.0
GAB,Gabon,2019,269225.0,134102.0,135123.0,307163.0,153301.0,153862.0
GMB,"Gambia, The",2019,394296.0,195338.0,198958.0,326048.0,161631.0,164417.0
GHA,Ghana,2019,4555568.0,2253100.0,2302468.0,4005130.0,1982780.0,2022350.0
GNB,Guinea-Bissau,2019,313570.0,155164.0,158406.0,268044.0,132992.0,135052.0
GIN,Guinea,2019,2053681.0,1013520.0,1040161.0,2021328.0,997561.0,1023767.0
KEN,Kenya,2019,8273979.0,4112457.0,4161522.0,7259817.0,3637378.0,3622439.0
LSO,Lesotho,2019,361278.0,180066.0,181212.0,235795.0,117809.0,117986.0
LBY,Libya,2019,840481.0,408636.0,431845.0,770730.0,373963.0,396767.0
LBR,Liberia,2019,827954.0,409093.0,418861.0,704309.0,348890.0,355419.0
MWI,Malawi,2019,3298039.0,1657289.0,1640750.0,2786632.0,1404251.0,1382381.0
MDG,Madagascar,2019,3720470.0,1838839.0,1881631.0,4556244.0,2257336.0,2298908.0
MLI,Mali,2019,3636834.0,1796592.0,1840242.0,2871691.0,1416505.0,1455186.0
MRT,Mauritania,2019,750503.0,370926.0,379577.0,691531.0,350036.0,341495.0
MUS,Mauritius,2019,89842.0,44437.0,45405.0,131051.0,64360.0,66691.0
MOZ,Mozambique,2019,5867663.0,2927712.0,2939951.0,3415445.0,1710695.0,1704750.0
MAR,Morocco,2019,4026629.0,1959628.0,2067001.0,3681172.0,1792005.0,1889167.0
NAM,Namibia,2019,410464.0,205751.0,204713.0,254623.0,126781.0,127842.0
NGA,Nigeria,2019,34949680.0,17209980.0,17739702.0,28960984.0,14220561.0,14740422.0
NER,Niger,2019,3993768.0,1961972.0,2031796.0,3603402.0,1768535.0,1834867.0
RWA,Rwanda,2019,1820362.0,914385.0,905977.0,1660932.0,839194.0,821738.0
STP,Sao Tome and Principe,2019,34026.0,16987.0,17039.0,30550.0,15439.0,15111.0
SEN,Senegal,2019,2608754.0,1267354.0,1341400.0,2586101.0,1271256.0,1314845.0
SYC,Seychelles,2019,7864.0,3858.0,4006.0,7265.0,3667.0,3598.0
SOM,Somalia,2019,2676097.0,1319417.0,1356680.0,2272488.0,1121623.0,1150865.0
SLE,Sierra Leone,2019,1215766.0,603877.0,611889.0,1236591.0,613080.0,623511.0
ZAF,South Africa,2019,7603190.0,3762567.0,3840623.0,4852815.0,2395199.0,2457616.0
SDN,Sudan,2019,7229727.0,3571886.0,3657841.0,5305355.0,2627605.0,2677750.0
SSD,South Sudan,2019,1922311.0,949870.0,972441.0,1595319.0,789260.0,806059.0
TZA,Tanzania,2019,10861139.0,5398112.0,5463027.0,7769054.0,3868350.0,3900704.0
TGO,Togo,2019,1345568.0,666534.0,679034.0,1268828.0,627668.0,641160.0
TUN,Tunisia,2019,1178579.0,568211.0,610368.0,1160334.0,561589.0,598745.0
UGA,Uganda,2019,8710270.0,4344810.0,4365460.0,6331048.0,3173699.0,3157349.0
ZMB,Zambia,2019,3528510.0,1768091.0,1760419.0,2055011.0,1033997.0,1021014.0
ZWE,Zimbabwe,2019,2985956.0,1486141.0,1499815.0,2146342.0,1078957.0,1067385.0
BEN,Benin,2019,2042068.0,1007132.0,1034936.0,1955881.0,961825.0,994056.0
DZA,Algeria,2020,4470870.0,2187493.0,2283377.0,4753115.0,2323161.0,2429954.0
AGO,Angola,2020,5656961.0,2820252.0,2836709.0,4446091.0,2221376.0,2224715.0
BWA,Botswana,2020,350238.0,173782.0,176456.0,247340.0,122842.0,124498.0
BFA,Burkina Faso,2020,3694857.0,1819370.0,1875487.0,3467707.0,1710053.0,1757654.0
CPV,Cabo Verde,2020,59330.0,28689.0,30641.0,56663.0,27126.0,29537.0
CMR,Cameroon,2020,4210708.0,2095206.0,2115502.0,4080630.0,2035705.0,2044925.0
BDI,Burundi,2020,2264662.0,1128701.0,1135961.0,1650331.0,824126.0,826205.0
CAF,Central African Republic,2020,946359.0,469376.0,476983.0,909849.0,452285.0,457564.0
TCD,Chad,2020,3057675.0,1506396.0,1551279.0,2759419.0,1360044.0,1399375.0
COM,Comoros,2020,119283.0,58454.0,60829.0,120659.0,58553.0,62106.0
COG,"Congo, Rep.",2020,959038.0,475859.0,483179.0,852833.0,424180.0,428653.0
COD,"Congo, Dem. Rep.",2020,16211646.0,8110016.0,8101630.0,12822362.0,6419557.0,6402805.0
CIV,Cote d'Ivoire,2020,4627761.0,2256131.0,2371630.0,4306668.0,2078339.0,2228329.0
DJI,Djibouti,2020,,,,,,
EGY,"Egypt, Arab Rep.",2020,14546335.0,7096383.0,7449952.0,12326460.0,6032168.0,6294292.0
GNQ,Equatorial Guinea,2020,241586.0,119987.0,121599.0,189283.0,92229.0,97054.0
ERI,Eritrea,2020,446616.0,221349.0,225267.0,587210.0,291588.0,295622.0
ETH,Ethiopia,2020,18122944.0,8906298.0,9216646.0,16723762.0,8254582.0,8469180.0
SWZ,Eswatini,2020,190294.0,95273.0,95021.0,129446.0,64570.0,64876.0
GAB,Gabon,2020,277747.0,138284.0,139463.0,316253.0,157839.0,158414.0
GMB,"Gambia, The",2020,405704.0,200969.0,204735.0,335407.0,166250.0,169157.0
GHA,Ghana,2020,4658692.0,2303842.0,2354850.0,4078145.0,2019447.0,2058698.0
GNB,Guinea-Bissau,2020,319954.0,158259.0,161695.0,275447.0,136626.0,138821.0
GIN,Guinea,2020,2097707.0,1035006.0,1062701.0,2063679.0,1018582.0,1045097.0
KEN,Kenya,2020,8278829.0,4113009.0,4165820.0,7450392.0,3729887.0,3720505.0
LSO,Lesotho,2020,368152.0,183478.0,184674.0,237286.0,118550.0,118736.0
LBY,Libya,2020,843132.0,410257.0,432875.0,787739.0,382033.0,405706.0
LBR,Liberia,2020,838904.0,414423.0,424481.0,727506.0,360166.0,367340.0
MWI,Malawi,2020,3339120.0,1676513.0,1662607.0,2893442.0,1458155.0,1435287.0
MDG,Madagascar,2020,3771983.0,1863373.0,1908610.0,4650536.0,2303869.0,2346667.0
MLI,Mali,2020,3755265.0,1855303.0,1899962.0,2989136.0,1474677.0,1514459.0
MRT,Mauritania,2020,771346.0,380777.0,390569.0,717756.0,361857.0,355899.0
MUS,Mauritius,2020,86851.0,42914.0,43937.0,127510.0,62731.0,64779.0
MOZ,Mozambique,2020,6068189.0,3026546.0,3041643.0,3494302.0,1749516.0,1744786.0
MAR,Morocco,2020,4037166.0,1963772.0,2073394.0,3714771.0,1812897.0,1901874.0
NAM,Namibia,2020,423920.0,213025.0,210895.0,257043.0,127592.0,129451.0
NGA,Nigeria,2020,35675616.0,17570718.0,18104900.0,29812940.0,14637537.0,15175403.0
NER,Niger,2020,4126921.0,2027364.0,2099557.0,3752226.0,1841716.0,1910510.0
RWA,Rwanda,2020,1810665.0,909532.0,901133.0,1720769.0,867988.0,852781.0
STP,Sao Tome and Principe,2020,34303.0,17137.0,17166.0,31421.0,15861.0,15560.0
SEN,Senegal,2020,2661843.0,1288386.0,1373457.0,2668437.0,1306121.0,1362316.0
SYC,Seychelles,2020,8330.0,4007.0,4323.0,7312.0,3703.0,3609.0
SOM,Somalia,2020,2788437.0,1374969.0,1413468.0,2348328.0,1158911.0,1189417.0
SLE,Sierra Leone,2020,1232402.0,612324.0,620078.0,1261890.0,625818.0,636072.0
ZAF,South Africa,2020,7616992.0,3777952.0,3839040.0,4928264.0,2435235.0,2493029.0
SDN,Sudan,2020,7343246.0,3628013.0,3715233.0,6506694.0,3222262.0,3284432.0
SSD,South Sudan,2020,1939550.0,957907.0,981643.0,1661723.0,822654.0,839069.0
TZA,Tanzania,2020,11083800.0,5505899.0,5577901.0,8023397.0,3997416.0,4025981.0
TGO,Togo,2020,1370407.0,678733.0,691674.0,1309309.0,647538.0,661771.0
TUN,Tunisia,2020,1220876.0,588876.0,632000.0,1173851.0,567893.0,605958.0
UGA,Uganda,2020,8891744.0,4431408.0,4460336.0,6519310.0,3267580.0,3251730.0
ZMB,Zambia,2020,3616702.0,1811563.0,1805139.0,2127186.0,1069656.0,1057530.0
ZWE,Zimbabwe,2020,3065544.0,1525575.0,1539969.0,2169703.0,1089012.0,1080691.0
BEN,Benin,2020,2098104.0,1034971.0,1063133.0,2015295.0,991441.0,1023854.0
DZA,Algeria,2021,4632741.0,2267655.0,2365086.0,5004949.0,2445950.0,2558999.0
AGO,Angola,2021,5847964.0,2914830.0,2933134.0,4637826.0,2316352.0,2321474.0
BWA,Botswana,2021,349157.0,173320.0,175837.0,248499.0,123429.0,125070.0
BFA,Burkina Faso,2021,3780509.0,1861383.0,1919126.0,3592458.0,1771260.0,1821198.0
CPV,Cabo Verde,2021,59452.0,28755.0,30697.0,57046.0,27364.0,29682.0
CMR,Cameroon,2021,4297230.0,2136989.0,2160241.0,4215046.0,2102705.0,2112341.0
BDI,Burundi,2021,2341155.0,1166557.0,1174598.0,1747564.0,872736.0,874828.0
CAF,Central African Republic,2021,972944.0,482355.0,490589.0,924276.0,459251.0,465025.0
TCD,Chad,2021,3156713.0,1555727.0,1600986.0,2866878.0,1412861.0,1454017.0
COM,Comoros,2021,120994.0,59432.0,61562.0,121993.0,59253.0,62740.0
COG,"Congo, Rep.",2021,980418.0,486275.0,494143.0,889449.0,442295.0,447154.0
COD,"Congo, Dem. Rep.",2021,16798148.0,8401385.0,8396762.0,13274806.0,6647571.0,6627235.0
CIV,Cote d'Ivoire,2021,4780171.0,2340603.0,2439568.0,4486743.0,2172778.0,2313965.0
DJI,Djibouti,2021,,,,,,
EGY,"Egypt, Arab Rep.",2021,15005427.0,7323115.0,7682312.0,12592145.0,6159406.0,6432739.0
GNQ,Equatorial Guinea,2021,249099.0,123698.0,125401.0,197855.0,97053.0,100802.0
ERI,Eritrea,2021,445772.0,220878.0,224894.0,597352.0,296611.0,300741.0
ETH,Ethiopia,2021,18203764.0,8945072.0,9258691.0,17047616.0,8411257.0,8636359.0
SWZ,Eswatini,2021,190144.0,95088.0,95056.0,130515.0,65239.0,65276.0
GAB,Gabon,2021,285044.0,141861.0,143183.0,326540.0,162950.0,163590.0
GMB,"Gambia, The",2021,416651.0,206373.0,210278.0,345504.0,171260.0,174244.0
GHA,Ghana,2021,4755625.0,2351569.0,2404056.0,4151079.0,2056153.0,2094926.0
GNB,Guinea-Bissau,2021,325697.0,161034.0,164663.0,282484.0,140076.0,142408.0
GIN,Guinea,2021,2140529.0,1055896.0,1084633.0,2109502.0,1041306.0,1068196.0
KEN,Kenya,2021,8260008.0,4102615.0,4157393.0,7648579.0,3823230.0,3825349.0
LSO,Lesotho,2021,373171.0,185947.0,187224.0,239013.0,119386.0,119627.0
LBY,Libya,2021,848085.0,412811.0,435274.0,802179.0,389015.0,413164.0
LBR,Liberia,2021,848064.0,418899.0,429165.0,750143.0,371193.0,378950.0
MWI,Malawi,2021,3368223.0,1689523.0,1678700.0,2996044.0,1509775.0,1486269.0
MDG,Madagascar,2021,3813485.0,1883135.0,1930350.0,4757173.0,2356173.0,2401000.0
MLI,Mali,2021,3867509.0,1910897.0,1956612.0,3111426.0,1535502.0,1575924.0
MRT,Mauritania,2021,791222.0,390338.0,400884.0,744968.0,374099.0,370869.0
MUS,Mauritius,2021,84225.0,41497.0,42728.0,123809.0,60997.0,62812.0
MOZ,Mozambique,2021,6256943.0,3119616.0,3137327.0,3588458.0,1795784.0,1792674.0
MAR,Morocco,2021,4031093.0,1960434.0,2070659.0,3774465.0,1843456.0,1931009.0
NAM,Namibia,2021,439338.0,221135.0,218203.0,262482.0,129991.0,132491.0
NGA,Nigeria,2021,36339164.0,17899968.0,18439196.0,30691172.0,15066839.0,15624333.0
NER,Niger,2021,4260313.0,2092911.0,2167402.0,3906291.0,1917502.0,1988789.0
RWA,Rwanda,2021,1806601.0,905709.0,900892.0,1771863.0,892556.0,879307.0
STP,Sao Tome and Principe,2021,34602.0,17272.0,17330.0,32374.0,16293.0,16081.0
SEN,Senegal,2021,2699957.0,1301469.0,1398488.0,2752570.0,1341009.0,1411561.0
SYC,Seychelles,2021,8612.0,4125.0,4487.0,7418.0,3723.0,3695.0
SOM,Somalia,2021,2914658.0,1437462.0,1477196.0,2423930.0,1195913.0,1228017.0
SLE,Sierra Leone,2021,1245545.0,618995.0,626550.0,1288259.0,639354.0,648905.0
ZAF,South Africa,2021,7566365.0,3761531.0,3804834.0,5029578.0,2491089.0,2538489.0
SDN,Sudan,2021,7458668.0,3685036.0,3773632.0,6629334.0,3282349.0,3346985.0
SSD,South Sudan,2021,1934302.0,955193.0,979109.0,1719672.0,851738.0,867934.0
TZA,Tanzania,2021,11346677.0,5633657.0,5713020.0,8283199.0,4127303.0,4155896.0
TGO,Togo,2021,1392703.0,689660.0,703043.0,1351518.0,668309.0,683209.0
TUN,Tunisia,2021,1249497.0,603583.0,645914.0,1197406.0,579081.0,618325.0
UGA,Uganda,2021,9065003.0,4513781.0,4551222.0,6693283.0,3353322.0,3339961.0
ZMB,Zambia,2021,3693985.0,1849584.0,1844401.0,2205816.0,1108592.0,1097224.0
ZWE,Zimbabwe,2021,3124717.0,1554779.0,1569938.0,2197234.0,1101352.0,1095882.0
BEN,Benin,2021,2158080.0,1064778.0,1093302.0,2074105.0,1020789.0,1053316.0
DZA,Algeria,2022,4776173.0,2338773.0,2437400.0,5261618.0,2571647.0,2689971.0
AGO,Angola,2022,6031156.0,3005377.0,3025779.0,4836531.0,2414939.0,2421592.0
BWA,Botswana,2022,349284.0,173451.0,175833.0,248094.0,123227.0,124867.0
BFA,Burkina Faso,2022,3859802.0,1900286.0,1959516.0,3718543.0,1833229.0,1885314.0
CPV,Cabo Verde,2022,59401.0,28805.0,30596.0,57897.0,27829.0,30068.0
CMR,Cameroon,2022,4395134.0,2184399.0,2210735.0,4348879.0,2169167.0,2179712.0
BDI,Burundi,2022,2407201.0,1199137.0,1208064.0,1844831.0,921327.0,923504.0
CAF,Central African Republic,2022,990306.0,490464.0,499842.0,930735.0,463091.0,467644.0
TCD,Chad,2022,3254896.0,1604832.0,1650064.0,2984560.0,1470938.0,1513622.0
COM,Comoros,2022,122549.0,60315.0,62234.0,123644.0,60171.0,63473.0
COG,"Congo, Rep.",2022,995586.0,493612.0,501974.0,928213.0,461459.0,466754.0
COD,"Congo, Dem. Rep.",2022,17384452.0,8692322.0,8692130.0,13763221.0,6893002.0,6870219.0
CIV,Cote d'Ivoire,2022,4918771.0,2417782.0,2500989.0,4665987.0,2266704.0,2399283.0
DJI,Djibouti,2022,,,,,,
EGY,"Egypt, Arab Rep.",2022,15437640.0,7538130.0,7899510.0,12893695.0,6300922.0,6592773.0
GNQ,Equatorial Guinea,2022,256171.0,127183.0,128988.0,207421.0,102232.0,105189.0
ERI,Eritrea,2022,443647.0,219783.0,223864.0,605822.0,300784.0,305038.0
ETH,Ethiopia,2022,18339468.0,9011411.0,9328057.0,17321000.0,8542920.0,8778081.0
SWZ,Eswatini,2022,190175.0,94953.0,95222.0,131151.0,65639.0,65512.0
GAB,Gabon,2022,291464.0,145002.0,146462.0,338046.0,168662.0,169384.0
GMB,"Gambia, The",2022,426074.0,211015.0,215059.0,355962.0,176448.0,179514.0
GHA,Ghana,2022,4846260.0,2396191.0,2450069.0,4227370.0,2094293.0,2133077.0
GNB,Guinea-Bissau,2022,330769.0,163478.0,167291.0,289254.0,143392.0,145862.0
GIN,Guinea,2022,2182240.0,1076247.0,1105993.0,2160719.0,1066526.0,1094193.0
KEN,Kenya,2022,8220602.0,4082210.0,4138392.0,7825033.0,3908729.0,3916304.0
LSO,Lesotho,2022,377503.0,188052.0,189451.0,241397.0,120554.0,120843.0
LBY,Libya,2022,850721.0,414124.0,436597.0,813236.0,394462.0,418774.0
LBR,Liberia,2022,855545.0,422562.0,432983.0,771024.0,381376.0,389648.0
MWI,Malawi,2022,3387164.0,1697524.0,1689640.0,3089402.0,1556389.0,1533013.0
MDG,Madagascar,2022,3856656.0,1903898.0,1952758.0,4862843.0,2407734.0,2455109.0
MLI,Mali,2022,3977551.0,1965509.0,2012042.0,3232837.0,1595746.0,1637091.0
MRT,Mauritania,2022,810259.0,399675.0,410584.0,772705.0,386562.0,386143.0
MUS,Mauritius,2022,81773.0,40168.0,41605.0,119344.0,58780.0,60564.0
MOZ,Mozambique,2022,6424901.0,3202274.0,3222627.0,3712615.0,1857052.0,1855563.0
MAR,Morocco,2022,4011411.0,1950344.0,2061067.0,3841726.0,1876383.0,1965343.0
NAM,Namibia,2022,455129.0,229196.0,225933.0,270826.0,134227.0,136599.0
NGA,Nigeria,2022,36892476.0,18174408.0,18718068.0,31552952.0,15487746.0,16065207.0
NER,Niger,2022,4391462.0,2157502.0,2233960.0,4062322.0,1994209.0,2068113.0
RWA,Rwanda,2022,1843701.0,920451.0,923250.0,1812844.0,911636.0,901208.0
STP,Sao Tome and Principe,2022,34869.0,17400.0,17469.0,32955.0,16556.0,16399.0
SEN,Senegal,2022,2724720.0,1307424.0,1417296.0,2834373.0,1374207.0,1460166.0
SYC,Seychelles,2022,9756.0,4803.0,4953.0,10455.0,5228.0,5227.0
SOM,Somalia,2022,3051226.0,1505352.0,1545874.0,2481425.0,1223656.0,1257769.0
SLE,Sierra Leone,2022,1255299.0,623922.0,631377.0,1313048.0,652017.0,661031.0
ZAF,South Africa,2022,7451756.0,3713254.0,3738502.0,5147091.0,2557794.0,2589297.0
SDN,Sudan,2022,7598653.0,3754058.0,3844595.0,6768860.0,3351212.0,3417648.0
SSD,South Sudan,2022,1889457.0,933175.0,956282.0,1757237.0,870232.0,887005.0
TZA,Tanzania,2022,11647183.0,5780312.0,5866871.0,8527175.0,4248082.0,4279093.0
TGO,Togo,2022,1412287.0,699235.0,713052.0,1396394.0,690445.0,705949.0
TUN,Tunisia,2022,1269572.0,614279.0,655293.0,1231395.0,594987.0,636408.0
UGA,Uganda,2022,9238745.0,4596403.0,4642342.0,6859349.0,3434290.0,3425059.0
ZMB,Zambia,2022,3763471.0,1883819.0,1879652.0,2286360.0,1148314.0,1138046.0
ZWE,Zimbabwe,2022,3159276.0,1571623.0,1587653.0,2235721.0,1119554.0,1116167.0
BEN,Benin,2022,2219359.0,1095119.0,1124240.0,2132886.0,1050148.0,1082738.0
DZA,Algeria,2023,4901341.0,2400768.0,2500573.0,5510353.0,2693993.0,2816360.0
AGO,Angola,2023,6207232.0,3092088.0,3115144.0,5033713.0,2512722.0,2520991.0
BWA,Botswana,2023,353280.0,175426.0,177854.0,245751.0,122154.0,123597.0
BFA,Burkina Faso,2023,3925248.0,1932317.0,1992931.0,3842085.0,1894070.0,1948015.0
CPV,Cabo Verde,2023,59257.0,28814.0,30443.0,58440.0,28114.0,30326.0
CMR,Cameroon,2023,4505619.0,2238057.0,2267562.0,4476640.0,2232439.0,2244201.0
BDI,Burundi,2023,2459521.0,1224850.0,1234671.0,1947729.0,972659.0,975070.0
CAF,Central African Republic,2023,976709.0,483452.0,493257.0,947348.0,474733.0,472615.0
TCD,Chad,2023,3345432.0,1650187.0,1695245.0,3100665.0,1528305.0,1572360.0
COM,Comoros,2023,123960.0,61091.0,62869.0,125550.0,61248.0,64302.0
COG,"Congo, Rep.",2023,1002074.0,496676.0,505398.0,973015.0,483592.0,489423.0
COD,"Congo, Dem. Rep.",2023,17980568.0,8987811.0,8992757.0,14288860.0,7156952.0,7131908.0
CIV,Cote d'Ivoire,2023,5046041.0,2489036.0,2557005.0,4844025.0,2358763.0,2485262.0
DJI,Djibouti,2023,,,,,,
EGY,"Egypt, Arab Rep.",2023,15707037.0,7672597.0,8034440.0,13247161.0,6468307.0,6778854.0
GNQ,Equatorial Guinea,2023,262589.0,130340.0,132249.0,216360.0,107078.0,109282.0
ERI,Eritrea,2023,440912.0,218405.0,222507.0,609310.0,302458.0,306852.0
ETH,Ethiopia,2023,18566150.0,9123577.0,9442573.0,17543092.0,8649572.0,8893520.0
SWZ,Eswatini,2023,190815.0,95249.0,95566.0,131388.0,65766.0,65622.0
GAB,Gabon,2023,297452.0,147933.0,149519.0,350339.0,174732.0,175607.0
GMB,"Gambia, The",2023,433533.0,214690.0,218843.0,366744.0,181800.0,184944.0
GHA,Ghana,2023,4909709.0,2427361.0,2482348.0,4315959.0,2138345.0,2177614.0
GNB,Guinea-Bissau,2023,334747.0,165392.0,169355.0,296164.0,146769.0,149395.0
GIN,Guinea,2023,2223872.0,1096576.0,1127296.0,2217715.0,1094646.0,1123069.0
KEN,Kenya,2023,8186784.0,4064883.0,4121901.0,7991244.0,3986074.0,4005170.0
LSO,Lesotho,2023,382166.0,190295.0,191871.0,244686.0,122141.0,122545.0
LBY,Libya,2023,846912.0,412313.0,434599.0,824930.0,400208.0,424722.0
LBR,Liberia,2023,863390.0,426399.0,436991.0,789543.0,390440.0,399103.0
MWI,Malawi,2023,3400417.0,1702798.0,1697619.0,3168145.0,1595221.0,1572924.0
MDG,Madagascar,2023,3915417.0,1932510.0,1982907.0,4957237.0,2453554.0,2503683.0
MLI,Mali,2023,4084228.0,2018744.0,2065484.0,3351765.0,1654631.0,1697134.0
MRT,Mauritania,2023,828503.0,408786.0,419717.0,801094.0,399347.0,401747.0
MUS,Mauritius,2023,80245.0,39326.0,40919.0,114805.0,56638.0,58167.0
MOZ,Mozambique,2023,6577722.0,3277423.0,3300299.0,3858327.0,1929172.0,1929155.0
MAR,Morocco,2023,3982194.0,1936453.0,2045741.0,3914387.0,1909287.0,2005100.0
NAM,Namibia,2023,472726.0,238378.0,234348.0,279948.0,139170.0,140778.0
NGA,Nigeria,2023,37299284.0,18373720.0,18925564.0,32411648.0,15909238.0,16502411.0
NER,Niger,2023,4519561.0,2220702.0,2298859.0,4221532.0,2072506.0,2149026.0
RWA,Rwanda,2023,1868624.0,931056.0,937568.0,1815533.0,912742.0,902791.0
STP,Sao Tome and Principe,2023,35196.0,17543.0,17653.0,33245.0,16678.0,16567.0
SEN,Senegal,2023,2738624.0,1307771.0,1430853.0,2911996.0,1405234.0,1506762.0
SYC,Seychelles,2023,9881.0,4851.0,5030.0,10587.0,5291.0,5296.0
SOM,Somalia,2023,2221347.0,1095502.0,1125845.0,3459773.0,1706923.0,1752850.0
SLE,Sierra Leone,2023,1265343.0,628919.0,636424.0,1337369.0,664292.0,673077.0
ZAF,South Africa,2023,7390213.0,3682172.0,3708041.0,5281723.0,2626265.0,2655458.0
SDN,Sudan,2023,7741653.0,3824343.0,3917310.0,6910960.0,3421305.0,3489655.0
SSD,South Sudan,2023,1842564.0,910451.0,932113.0,1806090.0,894768.0,911322.0
TZA,Tanzania,2023,11949866.0,5927832.0,6022034.0,8757528.0,4361917.0,4395611.0
TGO,Togo,2023,1430752.0,708245.0,722507.0,1443117.0,713503.0,729614.0
TUN,Tunisia,2023,1280859.0,620770.0,660089.0,1268937.0,612650.0,656287.0
UGA,Uganda,2023,9400167.0,4672981.0,4727186.0,7012860.0,3507908.0,3504952.0
ZMB,Zambia,2023,3826413.0,1915043.0,1911370.0,2365832.0,1187647.0,1178185.0
ZWE,Zimbabwe,2023,3167480.0,1575243.0,1592237.0,2295553.0,1146943.0,1148610.0
BEN,Benin,2023,2279532.0,1124871.0,1154661.0,2191448.0,1079479.0,1111969.0
